index site,latitude,longitude,pays,couleur,capacite offshore,scores,capacites
1,54.0,8.0,Allemagne,#7b0323,Non,0.0032906735734590637,7509.607003342228
2,54.0,9.0,Allemagne,#7b0323,Non,0.0021926014301745537,5003.709632088747
3,54.0,10.0,Allemagne,#7b0323,Non,0.0018517171127959765,4225.781587884473
4,54.0,11.0,Allemagne,#7b0323,Non,0.0018517171127959762,4225.781587884473
5,54.0,12.0,Allemagne,#7b0323,Non,0.0021926014301745537,5003.709632088747
6,54.0,13.0,Allemagne,#7b0323,Non,0.002392290138230777,5459.416856470489
7,54.0,14.0,Allemagne,#7b0323,Non,0.002392290138230777,5459.416856470489
8,53.0,8.0,Allemagne,#7b0323,Non,0.0021845012345583317,4985.224272064392
9,53.0,9.0,Allemagne,#7b0323,Non,0.0018362949244265707,4190.586795328975
10,53.0,10.0,Allemagne,#7b0323,Non,0.0015572455659506829,3553.7715750074103
11,53.0,11.0,Allemagne,#7b0323,Non,0.0014439644290850408,3295.2540405992295
12,53.0,12.0,Allemagne,#7b0323,Non,0.0015396052412386977,3513.5147999000865
13,53.0,13.0,Allemagne,#7b0323,Non,0.001578322881129746,3601.8718651598497
14,53.0,14.0,Allemagne,#7b0323,Non,0.001578322881129746,3601.8718651598497
15,52.0,7.0,Allemagne,#7b0323,Non,0.0015783228811297489,3601.871865159856
16,52.0,8.0,Allemagne,#7b0323,Non,0.0015378352557501023,3509.475537079193
17,52.0,9.0,Allemagne,#7b0323,Non,0.0014386320259905648,3283.085026952328
18,52.0,10.0,Allemagne,#7b0323,Non,0.0013200346336055971,3012.4353290863423
19,52.0,11.0,Allemagne,#7b0323,Non,0.0012066546637198165,2753.692249019005
20,52.0,12.0,Allemagne,#7b0323,Non,0.0012232764256674918,2791.624574162681
21,52.0,13.0,Allemagne,#7b0323,Non,0.0012374882875116002,2824.0572949575485
22,52.0,14.0,Allemagne,#7b0323,Non,0.0012374882875116002,2824.0572949575485
23,51.0,7.0,Allemagne,#7b0323,Non,0.0013232785881792993,3019.8383192162905
24,51.0,8.0,Allemagne,#7b0323,Non,0.0012226186649577826,2790.1235062743326
25,51.0,9.0,Allemagne,#7b0323,Non,0.0011822326426299949,2697.959045309252
26,51.0,10.0,Allemagne,#7b0323,Non,0.0011259599003836831,2569.5396898683034
27,51.0,11.0,Allemagne,#7b0323,Non,0.0010633740259971478,2426.7132106957197
28,51.0,12.0,Allemagne,#7b0323,Non,0.0010343532867888266,2360.4853270919716
29,51.0,13.0,Allemagne,#7b0323,Non,0.001041304763702284,2376.3492098343722
30,51.0,14.0,Allemagne,#7b0323,Non,0.001041304763702284,2376.3492098343722
31,50.0,7.0,Allemagne,#7b0323,Non,0.0011873097020556,2709.545342207984
32,50.0,8.0,Allemagne,#7b0323,Non,0.0010863935855605189,2479.2458736450963
33,50.0,9.0,Allemagne,#7b0323,Non,0.0010134679564500018,2312.823163258842
34,50.0,10.0,Allemagne,#7b0323,Non,0.0009827779426543756,2242.785847983587
35,50.0,11.0,Allemagne,#7b0323,Non,0.0010087416292418841,2302.037268179964
36,50.0,12.0,Allemagne,#7b0323,Non,0.0010327348600449177,2356.791934678795
37,49.0,8.0,France,#808080,Non,0.0009874468310915121,1882.4912956834414
38,49.0,9.0,Allemagne,#7b0323,Non,0.0010356414991364124,2363.425141160814
39,49.0,10.0,Allemagne,#7b0323,Non,0.0011056117855834967,2523.103499223096
40,49.0,11.0,Allemagne,#7b0323,Non,0.0011708502850872496,2671.9835026097385
41,49.0,12.0,Allemagne,#7b0323,Non,0.0012192771999191725,2782.4979886727815
42,49.0,13.0,Allemagne,#7b0323,Non,0.0012374882875116002,2824.0572949575485
43,48.0,8.0,Allemagne,#7b0323,Non,0.0010488640470835801,2393.6001604841986
44,48.0,9.0,Allemagne,#7b0323,Non,0.001151650157193194,2628.167119222096
45,48.0,10.0,Allemagne,#7b0323,Non,0.001273295063462318,2905.7715122580394
46,48.0,11.0,Allemagne,#7b0323,Non,0.001407520325624878,3212.0853857735606
47,48.0,12.0,Allemagne,#7b0323,Non,0.0015271094873278573,3484.9983885982365
50,49.0,15.0,Autriche,#ADD8E6,Non,0.0011708502850872502,1041.0659974681794
51,48.0,13.0,Autriche,#ADD8E6,Non,0.001578322881129746,1403.3718106390904
52,48.0,14.0,Autriche,#ADD8E6,Non,0.0015271094873278573,1357.8352261746466
53,48.0,15.0,Autriche,#ADD8E6,Non,0.0014075203256248784,1251.5020668455547
54,48.0,16.0,Autriche,#ADD8E6,Non,0.001273295063462318,1132.15516295999
55,48.0,17.0,Autriche,#ADD8E6,Non,0.001151650157193194,1023.9941305077909
56,47.0,11.0,Autriche,#ADD8E6,Non,0.001739075553473179,1546.3056624820017
57,47.0,13.0,Autriche,#ADD8E6,Non,0.002392290138230777,2127.1139023593623
58,47.0,14.0,Autriche,#ADD8E6,Non,0.0021295341977550686,1893.483455541263
59,47.0,15.0,Autriche,#ADD8E6,Non,0.00173907555347318,1546.3056624820026
60,47.0,16.0,Autriche,#ADD8E6,Non,0.001453554424277127,1292.433461270061
62,51.0,3.0,Belgique,#FFFAF0,Non,0.002392290138230777,4790.162329484013
63,51.0,4.0,Belgique,#FFFAF0,Non,0.002168440569081194,4341.940871528013
64,51.0,5.0,Belgique,#FFFAF0,Non,0.0018066052304406709,3617.42590533175
65,50.0,5.0,Belgique,#FFFAF0,Non,0.001428069353171293,2859.4708936562224
69,57.0,8.0,Danemark,#A9A9A9,Non,0.003444696133129629,2981.220960539032
70,57.0,9.0,Danemark,#A9A9A9,Non,0.002392290138230777,2070.4135366810383
71,57.0,10.0,Danemark,#A9A9A9,Non,0.002392290138230777,2070.4135366810383
72,57.0,11.0,Danemark,#A9A9A9,Non,0.002392290138230777,2070.4135366810383
75,56.0,8.0,Danemark,#A9A9A9,Non,0.0033906201010909685,2934.420722159234
76,56.0,9.0,Danemark,#A9A9A9,Non,0.002237010150909071,1936.0260798300556
77,56.0,10.0,Danemark,#A9A9A9,Non,0.0033906201010909685,2934.420722159234
79,56.0,12.0,Danemark,#A9A9A9,Non,0.003390620101090966,2934.4207221592324
82,55.0,9.0,Danemark,#A9A9A9,Non,0.003339344988625128,2890.0445466913916
83,55.0,10.0,Danemark,#A9A9A9,Non,0.002203179841337657,1906.7475530462743
84,55.0,11.0,Danemark,#A9A9A9,Non,0.002392290138230777,2070.4135366810383
85,55.0,12.0,Danemark,#A9A9A9,Non,0.003339344988625128,2890.0445466913916
89,43.0,-9.0,Espagne,#cf524e,Non,0.002107356009847701,2812.84800082563
90,43.0,-8.0,Espagne,#cf524e,Non,0.0023922901382307867,3193.1712066076843
91,43.0,-7.0,Espagne,#cf524e,Non,0.0023922901382307867,3193.1712066076843
92,43.0,-6.0,Espagne,#cf524e,Non,0.0023922901382307867,3193.1712066076843
93,43.0,-5.0,Espagne,#cf524e,Non,0.0023922901382307867,3193.1712066076843
94,43.0,-4.0,Espagne,#cf524e,Non,0.002107356009847701,2812.84800082563
95,43.0,-3.0,Espagne,#cf524e,Non,0.001703027597506855,2273.160183003077
96,43.0,-2.0,Espagne,#cf524e,Non,0.001416654523417569,1890.9163071804273
97,43.0,-1.0,France,#808080,Non,0.0012388056443220336,2361.6875046344876
98,42.0,-8.0,Espagne,#cf524e,Non,0.0015783228811297489,2106.70733378553
99,42.0,-7.0,Espagne,#cf524e,Non,0.0015783228811297489,2106.70733378553
100,42.0,-6.0,Espagne,#cf524e,Non,0.0015783228811297489,2106.70733378553
101,42.0,-5.0,Espagne,#cf524e,Non,0.0015783228811297489,2106.70733378553
102,42.0,-4.0,Espagne,#cf524e,Non,0.0015200223502499837,2028.8891905928795
103,42.0,-3.0,Espagne,#cf524e,Non,0.0013880095626285236,1852.681704050879
104,42.0,-2.0,Espagne,#cf524e,Non,0.001245365977338295,1662.284485052644
105,42.0,-1.0,Espagne,#cf524e,Non,0.0013942530184362643,1861.015318354765
106,42.0,0.0,Espagne,#cf524e,Non,0.001680783478180501,2243.4692687556144
107,42.0,1.0,Espagne,#cf524e,Non,0.0020931624404963347,2793.9027666136585
108,42.0,2.0,Espagne,#cf524e,Non,0.002392290138230777,3193.1712066076716
109,42.0,3.0,Espagne,#cf524e,Non,0.0021001964357734494,2803.291573944072
110,41.0,-6.0,Espagne,#cf524e,Non,0.0012374882875116002,1651.76953457603
111,41.0,-5.0,Espagne,#cf524e,Non,0.0012374882875116002,1651.76953457603
112,41.0,-4.0,Espagne,#cf524e,Non,0.001215924297068249,1622.986439966028
113,41.0,-3.0,Espagne,#cf524e,Non,0.0011901661672969732,1588.605109287413
114,41.0,-2.0,Espagne,#cf524e,Non,0.0013836703528127016,1846.8898313921727
115,41.0,-1.0,Espagne,#cf524e,Non,0.001670182128298794,2229.3188424956647
116,41.0,0.0,Espagne,#cf524e,Non,0.002086258841848339,2784.688009560378
117,41.0,1.0,Espagne,#cf524e,Non,0.0028323528478582183,3780.556303017137
119,40.0,-6.0,Espagne,#cf524e,Non,0.0012133018370926077,1619.4860436090491
120,40.0,-5.0,Espagne,#cf524e,Non,0.0012374882875116002,1651.76953457603
121,40.0,-4.0,Espagne,#cf524e,Non,0.0012374882875116002,1651.76953457603
122,40.0,-3.0,Espagne,#cf524e,Non,0.0012219328660805784,1631.0065330377129
123,40.0,-2.0,Espagne,#cf524e,Non,0.0014521150211676804,1938.2481247464068
124,40.0,-1.0,Espagne,#cf524e,Non,0.0018520339310672282,2472.0502450082827
125,40.0,0.0,Espagne,#cf524e,Non,0.0028071320103807028,3746.8921371399606
126,39.0,-7.0,Portugal,#FF00FF,Non,0.0013654643271551203,1420.7695006317856
127,39.0,-6.0,Espagne,#cf524e,Non,0.0015114694119122585,2017.472934681666
128,39.0,-5.0,Espagne,#cf524e,Non,0.0015783228811297489,2106.70733378553
129,39.0,-4.0,Espagne,#cf524e,Non,0.0015783228811297489,2106.70733378553
130,39.0,-3.0,Espagne,#cf524e,Non,0.0015114694119122587,2017.4729346816662
131,39.0,-2.0,Espagne,#cf524e,Non,0.0013734826891038847,1833.2915834632427
132,39.0,-1.0,Espagne,#cf524e,Non,0.0016599206766346793,2215.622104182777
133,39.0,0.0,Espagne,#cf524e,Non,0.0020794900966859403,2775.653251688818
134,38.0,-7.0,Espagne,#cf524e,Non,0.0016403954705213324,2189.5603297483735
135,38.0,-6.0,Espagne,#cf524e,Non,0.0020663733055222024,2758.145275044267
136,38.0,-5.0,Espagne,#cf524e,Non,0.002392290138230777,3193.1712066076716
137,38.0,-4.0,Espagne,#cf524e,Non,0.002392290138230777,3193.1712066076716
138,38.0,-3.0,Espagne,#cf524e,Non,0.002066373305522203,2758.1452750442672
139,38.0,-2.0,Espagne,#cf524e,Non,0.0016403954705213328,2189.560329748374
140,38.0,-1.0,Espagne,#cf524e,Non,0.001369792822620939,1828.3664386318205
141,37.0,-7.0,Espagne,#cf524e,Non,0.0020600325412713713,2749.6817757763165
142,37.0,-6.0,Espagne,#cf524e,Non,0.0027378262173144,3654.3844352798114
145,37.0,-3.0,Espagne,#cf524e,Non,0.0027378262173144013,3654.3844352798133
146,37.0,-2.0,Espagne,#cf524e,Non,0.0018063066237868862,2411.014537578884
153,39.0,1.0,Espagne,#cf524e,Non,0.002392290138230777,3193.1712066076716
154,40.0,3.0,Espagne,#cf524e,Non,0.002086258841848339,2784.688009560378
155,40.0,4.0,Espagne,#cf524e,Non,0.001670182128298794,2229.3188424956647
156,39.0,3.0,Espagne,#cf524e,Non,0.001659920676634679,2215.6221041827766
157,51.0,2.0,France,#808080,Non,0.002392290138230777,4560.716810433932
161,50.0,1.0,France,#808080,Non,0.0031187121540400273,5945.584409069225
162,50.0,2.0,France,#808080,Non,0.002057610266989435,3922.675424695875
163,50.0,3.0,France,#808080,Non,0.0016133109026805973,3075.652922163219
164,50.0,4.0,France,#808080,Non,0.001534270947059877,2924.9693372022566
166,49.0,-3.0,France,#808080,Non,0.0030807040798466736,5873.124944334716
167,49.0,-2.0,France,#808080,Non,0.002392290138230777,4560.716810433932
168,49.0,-1.0,France,#808080,Non,0.002392290138230777,4560.716810433932
169,49.0,0.0,France,#808080,Non,0.002392290138230777,4560.716810433932
170,49.0,1.0,France,#808080,Non,0.002152630354124528,4103.82389903871
171,49.0,2.0,France,#808080,Non,0.0017784539126576731,3390.48534557701
172,49.0,3.0,France,#808080,Non,0.0014947752118084597,2849.6737612923876
173,49.0,4.0,France,#808080,Non,0.001294462683043402,2467.79336029932
174,49.0,5.0,France,#808080,Non,0.001177665952097961,2245.1293925330424
175,49.0,6.0,France,#808080,Non,0.0011177051821910076,2130.8188049872338
176,49.0,7.0,France,#808080,Non,0.0010520047255515525,2005.5659469579193
178,48.0,-4.0,France,#808080,Non,0.0030444520577411413,5804.013257592907
179,48.0,-3.0,France,#808080,Non,0.002392290138230777,4560.716810433932
180,48.0,-2.0,France,#808080,Non,0.002137139998278517,4074.292729228867
181,48.0,-1.0,France,#808080,Non,0.0017518260617380458,3339.7213996098685
182,48.0,0.0,France,#808080,Non,0.0015783228811297489,3008.9509550812545
183,48.0,1.0,France,#808080,Non,0.001530689645110517,2918.1418609933025
184,48.0,2.0,France,#808080,Non,0.0014176839809321594,2702.705269897524
185,48.0,3.0,France,#808080,Non,0.0012882511535755687,2455.9515579987833
186,48.0,4.0,France,#808080,Non,0.0011689788762879794,2228.5681518846163
187,48.0,5.0,France,#808080,Non,0.0010670070030897201,2034.166633082771
188,48.0,6.0,France,#808080,Non,0.0009816210577579907,1871.384907728501
189,48.0,7.0,France,#808080,Non,0.0009634799126641566,1836.8002124744553
190,47.0,-2.0,France,#808080,Non,0.0030098553249917827,5738.057252460194
191,47.0,-1.0,France,#808080,Non,0.0021295341977550677,4059.7928565964635
192,47.0,0.0,France,#808080,Non,0.0017390755534731795,3315.413538094309
193,47.0,1.0,France,#808080,Non,0.0014535544242771268,2771.089506134897
194,47.0,2.0,France,#808080,Non,0.0012554083130589821,2393.3392132615463
195,47.0,3.0,France,#808080,Non,0.0011123433058435606,2120.596800890626
196,47.0,4.0,France,#808080,Non,0.001041304763702284,1985.167294178683
197,47.0,5.0,France,#808080,Non,0.001041304763702284,1985.167294178683
198,47.0,6.0,France,#808080,Non,0.0010317515578468447,1966.95484333831
199,46.0,-1.0,France,#808080,Non,0.002976821525726764,5675.080859583412
200,46.0,0.0,France,#808080,Non,0.0019639929957624208,3744.2013107877033
201,46.0,1.0,France,#808080,Non,0.0015399043219267226,2935.7089323057585
202,46.0,2.0,France,#808080,Non,0.0012958134409530916,2470.3684761713876
203,46.0,3.0,France,#808080,Non,0.001217260253878993,2320.612877936571
204,46.0,4.0,France,#808080,Non,0.0012374882875116002,2359.176065384428
205,46.0,5.0,France,#808080,Non,0.0012374882875116002,2359.176065384428
206,46.0,6.0,France,#808080,Non,0.001217260253878993,2320.612877936571
207,45.0,-1.0,France,#808080,Non,0.0021220306999655773,4045.4880162434074
208,45.0,0.0,France,#808080,Non,0.0017266953544567947,3291.8116426267716
209,45.0,1.0,France,#808080,Non,0.0014407953621107998,2746.765337265324
210,45.0,2.0,France,#808080,Non,0.0013927746992336931,2655.2176437260405
211,45.0,3.0,France,#808080,Non,0.0015217797092677795,2901.1557548649243
212,45.0,4.0,France,#808080,Non,0.0015783228811297489,3008.9509550812545
213,45.0,5.0,France,#808080,Non,0.0015783228811297489,3008.9509550812545
214,45.0,6.0,France,#808080,Non,0.0015217797092677795,2901.1557548649243
215,44.0,-1.0,France,#808080,Non,0.0015235480649430666,2904.5269886990745
216,44.0,0.0,France,#808080,Non,0.00139761747368679,2664.4500200605066
217,44.0,1.0,France,#808080,Non,0.0014166545234175689,2700.742688470886
218,44.0,2.0,France,#808080,Non,0.001703027597506855,3246.690887722568
219,44.0,3.0,France,#808080,Non,0.002107356009847701,4017.5118502930673
220,44.0,4.0,France,#808080,Non,0.0023922901382307867,4560.716810433951
221,44.0,5.0,France,#808080,Non,0.0023922901382307867,4560.716810433951
222,44.0,6.0,France,#808080,Non,0.0021073560098477002,4017.5118502930645
223,44.0,7.0,France,#808080,Non,0.001703027597506855,3246.690887722568
224,43.0,0.0,France,#808080,Non,0.0013833256246693745,2637.203711168344
225,43.0,1.0,France,#808080,Non,0.001518278002881425,2894.4800214635975
226,43.0,2.0,France,#808080,Non,0.0019042568563956371,3630.3189640578044
227,43.0,3.0,France,#808080,Non,0.0028862829907366936,5502.476119078713
228,43.0,6.0,France,#808080,Non,0.0028862829907366923,5502.47611907871
234,42.0,9.0,France,#808080,Non,0.002392290138230777,4560.716810433932
236,55.0,-8.0,Irlande,#8c0034,Non,0.003339344988625128,423.7862236583094
237,54.0,-10.0,Irlande,#8c0034,Non,0.0021926014301745537,278.25644946736975
238,54.0,-9.0,Irlande,#8c0034,Non,0.002392290138230777,303.59834249807324
239,54.0,-8.0,Irlande,#8c0034,Non,0.0021926014301745537,278.25644946736975
240,54.0,-7.0,Irlande,#8c0034,Non,0.0021926014301745537,278.25644946736975
241,53.0,-10.0,Irlande,#8c0034,Non,0.0015407692393775772,195.53438764454938
242,53.0,-9.0,Irlande,#8c0034,Non,0.001821257410391669,231.13029737528606
243,53.0,-8.0,Irlande,#8c0034,Non,0.002176444268148406,276.20599265520445
244,53.0,-7.0,Irlande,#8c0034,Non,0.003244428028282964,411.7405978479937
246,52.0,-10.0,Irlande,#8c0034,Non,0.0016555961037753263,210.10671946513256
247,52.0,-9.0,Irlande,#8c0034,Non,0.002111537898656008,267.96892062094327
248,52.0,-8.0,Irlande,#8c0034,Non,0.003200447566831539,406.1591698323986
251,47.0,12.0,Italie,#ffe5ad,Non,0.0021295341977550686,2280.087754753924
252,46.0,10.0,Italie,#ffe5ad,Non,0.0017266953544567943,1848.769058528284
253,46.0,11.0,Italie,#ffe5ad,Non,0.002122030699965577,2272.0537755646346
254,46.0,12.0,Italie,#ffe5ad,Non,0.002976821525726764,3187.27650208797
256,45.0,7.0,Italie,#ffe5ad,Non,0.0013927746992336931,1491.240920292126
257,45.0,8.0,Italie,#ffe5ad,Non,0.0015217797092677795,1629.3663112770228
258,45.0,9.0,Italie,#ffe5ad,Non,0.0015783228811297489,1689.9069656198049
259,45.0,10.0,Italie,#ffe5ad,Non,0.0019431729955025777,2080.551210252751
260,45.0,11.0,Italie,#ffe5ad,Non,0.0029452658536877154,3153.4899108770314
263,44.0,8.0,Italie,#ffe5ad,Non,0.002107356009847701,2256.341615939375
264,44.0,10.0,Italie,#ffe5ad,Non,0.002107356009847701,2256.341615939375
265,44.0,11.0,Italie,#ffe5ad,Non,0.002915110299937873,3121.2024233526126
268,43.0,10.0,Italie,#ffe5ad,Non,0.0028862829907366936,3090.337084452958
269,43.0,11.0,Italie,#ffe5ad,Non,0.0021073560098477002,2256.341615939374
270,43.0,12.0,Italie,#ffe5ad,Non,0.0023922901382307867,2561.4199836512607
271,43.0,13.0,Italie,#ffe5ad,Non,0.0023922901382307867,2561.4199836512607
272,43.0,14.0,Italie,#ffe5ad,Non,0.0023922901382307867,2561.4199836512607
273,42.0,12.0,Italie,#ffe5ad,Non,0.0016807834781805006,1799.6113098498593
274,42.0,13.0,Italie,#ffe5ad,Non,0.0015783228811297489,1689.9069656198049
275,42.0,14.0,Italie,#ffe5ad,Non,0.0015783228811297489,1689.9069656198049
276,42.0,15.0,Italie,#ffe5ad,Non,0.001520022350249984,1627.4847106991094
277,42.0,16.0,Italie,#ffe5ad,Non,0.001680783478180501,1799.6113098498597
278,41.0,13.0,Italie,#ffe5ad,Non,0.0014651631700835972,1568.7471026977544
279,41.0,14.0,Italie,#ffe5ad,Non,0.0012374882875116002,1324.9760881891837
280,41.0,15.0,Italie,#ffe5ad,Non,0.0014651631700835972,1568.7471026977544
281,41.0,16.0,Italie,#ffe5ad,Non,0.0018686743713720627,2000.7856911993024
282,41.0,17.0,Italie,#ffe5ad,Non,0.0028323528478582214,3032.5941947078845
283,40.0,15.0,Italie,#ffe5ad,Non,0.0013836703528127014,1481.49291586401
284,40.0,16.0,Italie,#ffe5ad,Non,0.001670182128298794,1788.2604669873108
285,40.0,18.0,Italie,#ffe5ad,Non,0.002392290138230777,2561.4199836512503
286,39.0,16.0,Italie,#ffe5ad,Non,0.001374214312202857,1471.3683532128484
287,39.0,17.0,Italie,#ffe5ad,Non,0.0015148361742422444,1621.9318830329885
288,38.0,13.0,Italie,#ffe5ad,Non,0.002392290138230777,2561.4199836512503
289,38.0,14.0,Italie,#ffe5ad,Non,0.002066373305522203,2212.461521227688
290,38.0,15.0,Italie,#ffe5ad,Non,0.001640395470521333,1756.367955599125
291,38.0,16.0,Italie,#ffe5ad,Non,0.001354244570390861,1449.9867929546804
292,37.0,14.0,Italie,#ffe5ad,Non,0.0027378262173144013,2931.3847316110628
293,37.0,15.0,Italie,#ffe5ad,Non,0.001806306623786887,1934.0086759673081
294,38.0,12.0,Italie,#ffe5ad,Non,0.002066373305522203,2212.461521227688
296,37.0,12.0,Italie,#ffe5ad,Non,0.0027378262173144013,2931.3847316110628
297,40.0,17.0,Italie,#ffe5ad,Non,0.00208625884184834,2233.752922850511
300,41.0,9.0,Italie,#ffe5ad,Non,0.002832352847858219,3032.5941947078823
301,40.0,9.0,Italie,#ffe5ad,Non,0.0028071320103807028,3005.59029744352
302,39.0,9.0,Italie,#ffe5ad,Non,0.002783002542959993,2979.754927787239
303,41.0,8.0,Italie,#ffe5ad,Non,0.002392290138230777,2561.4199836512503
308,50.0,6.0,Luxembourg,#21c36f,Non,0.0013038414440892175,1864.0
311,71.0,25.0,Norvège,#c69f59,Non,0.004690635176944424,331.42485750906053
312,71.0,26.0,Norvège,#c69f59,Non,0.0030947283213180483,218.66332686956707
313,71.0,27.0,Norvège,#c69f59,Non,0.0024265126453136936,171.44940447935267
314,71.0,28.0,Norvège,#c69f59,Non,0.003094728321318051,218.6633268695673
315,71.0,29.0,Norvège,#c69f59,Non,0.004690635176944433,331.4248575090612
319,70.0,20.0,Norvège,#c69f59,Non,0.004553923803111754,321.76528137850414
320,70.0,21.0,Norvège,#c69f59,Non,0.003004529855552593,212.29019987585247
321,70.0,22.0,Norvège,#c69f59,Non,0.002392290138230777,169.03135466185503
322,70.0,23.0,Norvège,#c69f59,Non,0.002392290138230777,169.03135466185503
323,70.0,24.0,Norvège,#c69f59,Non,0.002392290138230777,169.03135466185503
324,70.0,25.0,Norvège,#c69f59,Non,0.0023177048198380536,163.76140132119062
325,70.0,26.0,Norvège,#c69f59,Non,0.002141996252620167,151.34641173949305
326,70.0,27.0,Norvège,#c69f59,Non,0.0019425593128479372,137.25485337849676
327,70.0,28.0,Suède,#758da3,Non,0.0021419962526201676,774.8622441683791
328,70.0,29.0,Norvège,#c69f59,Non,0.0023177048198380536,163.76140132119062
329,70.0,30.0,Norvège,#c69f59,Non,0.002392290138230777,169.03135466185503
330,70.0,31.0,Norvège,#c69f59,Non,0.002317704819838053,163.7614013211906
333,69.0,17.0,Norvège,#c69f59,Non,0.00442811851080967,312.8762931067143
334,69.0,18.0,Norvège,#c69f59,Non,0.0029215268776869373,206.42548239640166
335,69.0,19.0,Norvège,#c69f59,Non,0.002392290138230777,169.03135466185503
336,69.0,20.0,Norvège,#c69f59,Non,0.0023107317114275613,163.2687044103965
337,69.0,21.0,Suède,#758da3,Non,0.002122440187954054,767.7878825135673
338,69.0,22.0,Suède,#758da3,Non,0.0019141006458702236,692.4215297804024
339,69.0,23.0,Norvège,#c69f59,Non,0.0017274444185445541,122.05554230373993
340,69.0,24.0,Norvège,#c69f59,Non,0.001578322881129746,111.51910482248825
341,69.0,25.0,Norvège,#c69f59,Non,0.0015647655115678012,110.56118566958746
344,68.0,15.0,Norvège,#c69f59,Non,0.00431192742931406,304.6666133563502
345,68.0,16.0,Norvège,#c69f59,Non,0.0028448670520756173,201.00895119721946
346,68.0,17.0,Norvège,#c69f59,Non,0.002303568411889671,162.762569219941
348,67.0,14.0,Norvège,#c69f59,Non,0.004204262706353383,297.05937806306116
349,67.0,15.0,Norvège,#c69f59,Non,0.0027738326481084813,195.98989379348737
350,67.0,16.0,Norvège,#c69f59,Non,0.0021749011021618375,153.6713602079453
352,66.0,13.0,Norvège,#c69f59,Non,0.0041042010791259055,289.9893525132177
353,66.0,14.0,Norvège,#c69f59,Non,0.0027078145261913906,191.3252703845015
355,65.0,12.0,Norvège,#c69f59,Non,0.0040109533509553605,283.4007746647698
356,65.0,13.0,Norvège,#c69f59,Non,0.002646291999391045,186.97829094371616
357,65.0,14.0,Norvège,#c69f59,Non,0.002074897239201355,146.60541609126298
359,64.0,10.0,Norvège,#c69f59,Non,0.003923840494604604,277.2456666859685
360,64.0,11.0,Norvège,#c69f59,Non,0.0025888170671430925,182.91730122440288
361,64.0,12.0,Norvège,#c69f59,Non,0.002273362790403664,160.62833933010043
364,63.0,8.0,Norvège,#c69f59,Non,0.00384227474981308,271.48249936951964
365,63.0,9.0,Norvège,#c69f59,Non,0.002535001943994208,179.11490158157454
366,63.0,10.0,Norvège,#c69f59,Non,0.0022655083212228156,160.07336836542868
367,63.0,11.0,Norvège,#c69f59,Non,0.002006868771090267,141.79874823077841
368,63.0,12.0,Norvège,#c69f59,Non,0.001758288322205907,124.23487111324376
369,62.0,5.0,Norvège,#c69f59,Non,0.002392290138230777,169.03135466185503
370,62.0,6.0,Norvège,#c69f59,Non,0.002392290138230777,169.03135466185503
371,62.0,7.0,Norvège,#c69f59,Non,0.002392290138230777,169.03135466185503
372,62.0,8.0,Norvège,#c69f59,Non,0.002257565385867023,159.51214667173642
373,62.0,9.0,Norvège,#c69f59,Non,0.0019883147817824276,140.48778435688766
374,62.0,10.0,Norvège,#c69f59,Non,0.0017349599734543875,122.58656670046473
375,62.0,11.0,Norvège,#c69f59,Non,0.0015328665036493676,108.30730666275024
376,62.0,12.0,Norvège,#c69f59,Non,0.001408045377323721,99.48785632264804
378,61.0,6.0,Norvège,#c69f59,Non,0.003693802258695332,260.9919213653762
379,61.0,7.0,Norvège,#c69f59,Non,0.0024370432431472864,172.19346189478296
380,61.0,8.0,Norvège,#c69f59,Non,0.001910825953532132,135.01267855722327
381,61.0,9.0,Norvège,#c69f59,Non,0.001607961341805883,113.61326099448361
382,61.0,10.0,Norvège,#c69f59,Non,0.0014065409278308314,99.38155686852265
383,61.0,11.0,Norvège,#c69f59,Non,0.001305954369382133,92.27444140470544
384,61.0,12.0,Norvège,#c69f59,Non,0.0012608733674277569,89.08916604529718
386,60.0,6.0,Norvège,#c69f59,Non,0.0036260545050419823,256.2050878654093
387,60.0,7.0,Norvège,#c69f59,Non,0.0023923447959299893,169.03521659515187
388,60.0,8.0,Norvège,#c69f59,Non,0.0018757779268705282,132.53630024083017
389,60.0,9.0,Norvège,#c69f59,Non,0.0015784671450847383,111.52929803916861
390,60.0,10.0,Norvège,#c69f59,Non,0.001578322881129752,111.51910482248866
391,60.0,11.0,Norvège,#c69f59,Non,0.001578322881129752,111.51910482248866
392,60.0,12.0,Norvège,#c69f59,Non,0.0015482385596549345,109.39344559257107
394,59.0,6.0,Norvège,#c69f59,Non,0.0035621538960189103,251.69008095455214
395,59.0,7.0,Norvège,#c69f59,Non,0.002392290138230777,169.03135466185503
396,59.0,8.0,Norvège,#c69f59,Non,0.002392290138230777,169.03135466185503
397,59.0,9.0,Norvège,#c69f59,Non,0.002392290138230777,169.03135466185503
398,59.0,10.0,Norvège,#c69f59,Non,0.002392290138230777,169.03135466185503
417,53.0,5.0,Pays-Bas,#04d8b2,Non,0.003244428028282964,2677.632177721905
418,53.0,6.0,Pays-Bas,#04d8b2,Non,0.002392290138230777,1974.3612731528406
419,53.0,7.0,Pays-Bas,#04d8b2,Non,0.002392290138230777,1974.3612731528406
420,52.0,4.0,Pays-Bas,#04d8b2,Non,0.003200447566831539,2641.335025266433
421,52.0,5.0,Pays-Bas,#04d8b2,Non,0.002176444268148406,1796.2232956348716
422,52.0,6.0,Pays-Bas,#04d8b2,Non,0.0018212574103916687,1503.0869550711088
423,51.0,6.0,Allemagne,#7b0323,Non,0.0015248778160523782,3479.9055181371054
425,42.0,-9.0,Espagne,#cf524e,Non,0.0015200223502499837,2028.8891905928795
426,41.0,-9.0,Portugal,#FF00FF,Non,0.001215924297068249,1265.1726756941173
427,41.0,-8.0,Portugal,#FF00FF,Non,0.0012374882875116002,1287.6100688390998
428,41.0,-7.0,Portugal,#FF00FF,Non,0.0012374882875116002,1287.6100688390998
429,40.0,-9.0,Portugal,#FF00FF,Non,0.0010307722972409702,1072.521495356328
430,40.0,-8.0,Portugal,#FF00FF,Non,0.0010723345967304557,1115.7671857170667
431,40.0,-7.0,Portugal,#FF00FF,Non,0.00115131159295192,1197.9429740196058
432,39.0,-9.0,Portugal,#FF00FF,Non,0.0010854736054449075,1129.4383615059805
433,39.0,-8.0,Portugal,#FF00FF,Non,0.0012142693760787992,1263.4507257163655
434,38.0,-9.0,Portugal,#FF00FF,Non,0.001208561280970674,1257.511436585886
435,38.0,-8.0,Portugal,#FF00FF,Non,0.0013612312266653155,1416.3649475801842
436,37.0,-9.0,Portugal,#FF00FF,Non,0.0013451715679189884,1399.6548271591882
437,37.0,-8.0,Portugal,#FF00FF,Non,0.0016311207222968027,1697.1857323552897
438,62.0,-7.0,Royaume-Uni,#419c03,Non,0.0012939965829190736,284.7115563735986
439,61.0,-1.0,Royaume-Uni,#419c03,Non,0.00195209452865801,429.5095356348148
440,60.0,-2.0,Royaume-Uni,#419c03,Non,0.003626054505041983,797.8225253865038
441,60.0,-1.0,Royaume-Uni,#419c03,Non,0.0023923447959299893,526.3755864756438
442,59.0,-6.0,Royaume-Uni,#419c03,Non,0.0035621538960189103,783.762795949554
445,59.0,-3.0,Royaume-Uni,#419c03,Non,0.003562153896018912,783.7627959495543
448,58.0,-7.0,Royaume-Uni,#419c03,Non,0.0035017924653350982,770.4817741124198
449,58.0,-6.0,Royaume-Uni,#419c03,Non,0.0023103593925062334,508.33675073464195
450,58.0,-5.0,Royaume-Uni,#419c03,Non,0.002392290138230777,526.3635604171395
451,58.0,-4.0,Royaume-Uni,#419c03,Non,0.0035017924653350982,770.4817741124198
455,57.0,-6.0,Royaume-Uni,#419c03,Non,0.003444696133129629,757.9191554625529
456,57.0,-5.0,Royaume-Uni,#419c03,Non,0.0022726884212864143,500.0481965083975
457,57.0,-4.0,Royaume-Uni,#419c03,Non,0.0022170524588941334,487.80689567952203
458,57.0,-3.0,Royaume-Uni,#419c03,Non,0.002392290138230777,526.3635604171395
459,57.0,-2.0,Royaume-Uni,#419c03,Non,0.003444696133129629,757.9191554625529
462,56.0,-5.0,Royaume-Uni,#419c03,Non,0.0033906201010909676,746.0210782593624
463,56.0,-4.0,Royaume-Uni,#419c03,Non,0.0022370101509090706,492.1980862206744
464,56.0,-3.0,Royaume-Uni,#419c03,Non,0.0022370101509090706,492.1980862206744
465,56.0,-2.0,Royaume-Uni,#419c03,Non,0.0033906201010909685,746.0210782593625
467,55.0,-7.0,Royaume-Uni,#419c03,Non,0.003339344988625128,734.7392732947403
469,55.0,-5.0,Royaume-Uni,#419c03,Non,0.003339344988625127,734.73927329474
470,55.0,-4.0,Royaume-Uni,#419c03,Non,0.002392290138230777,526.3635604171395
471,55.0,-3.0,Royaume-Uni,#419c03,Non,0.0022031798413376566,484.7545734496053
472,55.0,-2.0,Royaume-Uni,#419c03,Non,0.003339344988625128,734.7392732947403
478,54.0,-6.0,Royaume-Uni,#419c03,Non,0.003290673573459062,724.0303467444272
481,54.0,-3.0,Royaume-Uni,#419c03,Non,0.0032906735734590637,724.0303467444277
482,54.0,-2.0,Royaume-Uni,#419c03,Non,0.0021926014301745537,482.4270588750206
483,54.0,-1.0,Royaume-Uni,#419c03,Non,0.002392290138230777,526.3635604171395
484,54.0,0.0,Royaume-Uni,#419c03,Non,0.0032906735734590633,724.0303467444276
489,53.0,-4.0,Royaume-Uni,#419c03,Non,0.003244428028282964,713.8551721603258
490,53.0,-3.0,Royaume-Uni,#419c03,Non,0.0021845012345583317,480.6448135961168
491,53.0,-2.0,Royaume-Uni,#419c03,Non,0.0018362949244265703,404.0307314529634
492,53.0,-1.0,Royaume-Uni,#419c03,Non,0.0018362949244265703,404.0307314529634
493,53.0,0.0,Royaume-Uni,#419c03,Non,0.0021845012345583317,480.6448135961168
494,53.0,1.0,Royaume-Uni,#419c03,Non,0.0032444280282829634,713.8551721603257
497,52.0,-4.0,Royaume-Uni,#419c03,Non,0.003200447566831539,704.1783725496058
498,52.0,-3.0,Royaume-Uni,#419c03,Non,0.002111537898656008,464.59105797019527
499,52.0,-2.0,Royaume-Uni,#419c03,Non,0.0016555961037753263,364.27247927394126
500,52.0,-1.0,Royaume-Uni,#419c03,Non,0.0016555961037753263,364.27247927394126
501,52.0,0.0,Royaume-Uni,#419c03,Non,0.0021115378986560074,464.59105797019515
502,52.0,1.0,Royaume-Uni,#419c03,Non,0.0032004475668315387,704.1783725496057
505,51.0,-4.0,Royaume-Uni,#419c03,Non,0.0031585864297689003,694.9678772190954
506,51.0,-3.0,Royaume-Uni,#419c03,Non,0.002392290138230777,526.3635604171395
507,51.0,-2.0,Royaume-Uni,#419c03,Non,0.002392290138230777,526.3635604171395
508,51.0,-1.0,Royaume-Uni,#419c03,Non,0.002392290138230777,526.3635604171395
509,51.0,0.0,Royaume-Uni,#419c03,Non,0.002392290138230777,526.3635604171395
510,51.0,1.0,Royaume-Uni,#419c03,Non,0.002168440569081194,477.1110661931087
528,68.0,18.0,Suède,#758da3,Non,0.002102879554652468,760.7118681653249
529,68.0,19.0,Suède,#758da3,Non,0.001886302993962529,682.3657927951205
530,68.0,20.0,Suède,#758da3,Non,0.0016960246880168433,613.5330509164743
531,68.0,21.0,Suède,#758da3,Non,0.0015386233419743284,556.5934740706066
532,68.0,22.0,Suède,#758da3,Non,0.001462827069183245,529.1743457865795
533,68.0,23.0,Suède,#758da3,Non,0.0013941021423098249,504.31326071124107
534,67.0,17.0,Suède,#758da3,Non,0.0018592078224168777,672.5641764737527
535,67.0,18.0,Suède,#758da3,Non,0.0016658725485587619,602.6255834461706
536,67.0,19.0,Suède,#758da3,Non,0.0015078875995262477,545.4748895537715
537,67.0,20.0,Suède,#758da3,Non,0.0015075833762926345,545.3648374949795
538,67.0,21.0,Suède,#758da3,Non,0.0015592808262493026,564.0662717492204
539,67.0,22.0,Suède,#758da3,Non,0.001578322881129746,570.9546915399595
540,67.0,23.0,Suède,#758da3,Non,0.001578322881129746,570.9546915399595
541,66.0,15.0,Suède,#758da3,Non,0.0021231367147743403,768.0398494973706
542,66.0,16.0,Suède,#758da3,Non,0.0018328441837167592,663.0271904857382
543,66.0,17.0,Suède,#758da3,Non,0.0016369569340051128,592.1654260312632
544,66.0,18.0,Suède,#758da3,Non,0.0016092407103080078,582.13914551488
545,66.0,19.0,Suède,#758da3,Non,0.001807230779791035,653.7616002110584
546,66.0,20.0,Suède,#758da3,Non,0.002044732564047793,739.6773273361979
547,66.0,21.0,Suède,#758da3,Non,0.002281112714521335,825.1873060062061
548,66.0,22.0,Suède,#758da3,Non,0.002392290138230777,865.4054846939506
549,66.0,23.0,Suède,#758da3,Non,0.002392290138230777,865.4054846939506
550,66.0,24.0,Suède,#758da3,Non,0.002281112714521334,825.1873060062057
551,65.0,15.0,Suède,#758da3,Non,0.001807230779791035,653.7616002110584
552,65.0,16.0,Suède,#758da3,Non,0.0016092407103080078,582.13914551488
553,65.0,17.0,Suède,#758da3,Non,0.0015826827590832823,572.5318674156151
554,65.0,18.0,Suède,#758da3,Non,0.0017823777677514064,644.7710799616351
555,65.0,19.0,Suède,#758da3,Non,0.0020748972392013562,750.5893295656645
556,65.0,20.0,Suède,#758da3,Non,0.0026462919993910463,957.290076891924
557,65.0,21.0,Suède,#758da3,Non,0.0040109533509553675,1450.953198902293
559,64.0,13.0,Suède,#758da3,Non,0.002025684963384827,732.7869013713183
560,64.0,14.0,Suède,#758da3,Non,0.0017823777677514064,644.7710799616351
561,64.0,15.0,Suède,#758da3,Non,0.0015826827590832823,572.5318674156151
562,64.0,16.0,Suède,#758da3,Non,0.001758288322205907,636.0567781446618
563,64.0,17.0,Suède,#758da3,Non,0.002006868771090267,725.9801868543195
564,64.0,18.0,Suède,#758da3,Non,0.0022655083212228156,819.5424524284342
565,64.0,19.0,Suède,#758da3,Non,0.0025888170671430925,936.4986516358815
566,64.0,20.0,Suède,#758da3,Non,0.003923840494604601,1419.4403224043517
568,63.0,13.0,Suède,#758da3,Non,0.0015572395790992269,563.3278552624149
569,63.0,14.0,Suède,#758da3,Non,0.0015328665036493676,554.5109509763961
570,63.0,15.0,Suède,#758da3,Non,0.0017349599734543873,627.6178013517598
571,63.0,16.0,Suède,#758da3,Non,0.0019883147817824276,719.2683236679287
572,63.0,17.0,Suède,#758da3,Non,0.002535001943994208,917.03115394893
573,63.0,18.0,Suède,#758da3,Non,0.003842274749813076,1389.934100822911
575,62.0,13.0,Suède,#758da3,Non,0.0014339392305901335,518.724236261854
576,62.0,14.0,Suède,#758da3,Non,0.0016392815109678514,593.0063364296295
577,62.0,15.0,Suède,#758da3,Non,0.0019480438562577453,704.7004084866473
578,62.0,16.0,Suède,#758da3,Non,0.002484509100898689,898.7654834709463
579,62.0,17.0,Suède,#758da3,Non,0.003765744529068178,1362.2494685456347
581,61.0,13.0,Suède,#758da3,Non,0.0014065409278308314,508.81296291741734
582,61.0,14.0,Suède,#758da3,Non,0.0016079613418058833,581.6763368860312
583,61.0,15.0,Suède,#758da3,Non,0.0019108259535321318,691.2369173185687
584,61.0,16.0,Suède,#758da3,Non,0.002437043243147287,881.594818016402
585,61.0,17.0,Suède,#758da3,Non,0.0036938022586953377,1336.224516819656
588,60.0,13.0,Suède,#758da3,Non,0.0014708532582708323,532.0778013276058
589,60.0,14.0,Suède,#758da3,Non,0.0014871514168718514,537.9736229164391
590,60.0,15.0,Suède,#758da3,Non,0.0016905551058313145,611.5544420735512
591,60.0,16.0,Suède,#758da3,Non,0.00195209452865801,706.1657299607725
592,60.0,17.0,Suède,#758da3,Non,0.0023923447959299897,865.4252569916009
593,60.0,18.0,Suède,#758da3,Non,0.003626054505041981,1311.716921921209
595,59.0,11.0,Norvège,#c69f59,Non,0.002392290138230777,169.03135466185503
596,59.0,12.0,Suède,#758da3,Non,0.002225213746760938,804.9659822982239
597,59.0,13.0,Suède,#758da3,Non,0.001917188002483678,693.5383739724139
598,59.0,14.0,Suède,#758da3,Non,0.00164906941897559,596.5470897597592
599,59.0,15.0,Suède,#758da3,Non,0.0019171880024836778,693.5383739724138
600,59.0,16.0,Suède,#758da3,Non,0.002225213746760938,804.9659822982239
601,59.0,17.0,Suède,#758da3,Non,0.002392290138230777,865.4054846939506
602,59.0,18.0,Suède,#758da3,Non,0.0035621538960189086,1288.6010227917045
605,58.0,12.0,Suède,#758da3,Non,0.0035017924653350948,1266.765413329895
606,58.0,13.0,Suède,#758da3,Non,0.0023103593925062325,835.7672248599979
607,58.0,14.0,Suède,#758da3,Non,0.0018114930902961702,655.3034812854587
608,58.0,15.0,Suède,#758da3,Non,0.002310359392506231,835.7672248599973
609,58.0,16.0,Suède,#758da3,Non,0.0035017924653350948,1266.765413329895
612,57.0,12.0,Suède,#758da3,Non,0.002217052458894133,802.0136550828793
613,57.0,13.0,Suède,#758da3,Non,0.0019002637619110806,687.4160686626417
614,57.0,14.0,Suède,#758da3,Non,0.0017819551822379964,644.6182106189024
615,57.0,15.0,Suède,#758da3,Non,0.002272688421286413,822.139837200619
616,57.0,16.0,Suède,#758da3,Non,0.003444696133129626,1246.1109457731031
620,56.0,13.0,Suède,#758da3,Non,0.002392290138230777,865.4054846939506
621,56.0,14.0,Suède,#758da3,Non,0.002392290138230777,865.4054846939506
622,56.0,15.0,Suède,#758da3,Non,0.002392290138230777,865.4054846939506
623,56.0,16.0,Suède,#758da3,Non,0.003390620101090966,1226.549064892153
635,47.0,7.0,Suisse,#9ACD32,Non,0.0010402405371333129,4207.996854514224
636,47.0,8.0,Suisse,#9ACD32,Non,0.0011433558817831454,4625.120616230344
637,47.0,9.0,Suisse,#9ACD32,Non,0.0012660620416248439,5121.493441756191
638,47.0,10.0,Autriche,#ADD8E6,Non,0.0014535544242771266,1292.4334612700604
639,46.0,7.0,Suisse,#9ACD32,Non,0.0011641417588681643,4709.203962600521
640,46.0,8.0,Suisse,#9ACD32,Non,0.0012434091934369292,5029.857795463052
641,46.0,9.0,Suisse,#9ACD32,Non,0.0014407953621107996,5828.327329435669
0,54.0,7.0,Allemagne,#7b0323,Oui,0.006342494714587738,8364.15
48,56.0,5.0,Danemark,#A9A9A9,Oui,0.010570824524312896,15478.589743589742
49,55.0,6.0,Allemagne,#7b0323,Oui,0.010570824524312896,13940.25
61,52.0,3.0,Pays-Bas,#04d8b2,Oui,0.006342494714587738,2349.2647058823527
66,58.0,10.0,Suède,#758da3,Oui,0.006342494714587738,8577.125
67,57.0,6.0,Danemark,#A9A9A9,Oui,0.010570824524312896,15478.589743589742
68,57.0,7.0,Danemark,#A9A9A9,Oui,0.008456659619450317,12382.871794871795
73,56.0,6.0,Danemark,#A9A9A9,Oui,0.010570824524312896,15478.589743589742
74,56.0,7.0,Danemark,#A9A9A9,Oui,0.008456659619450317,12382.871794871795
78,56.0,11.0,Danemark,#A9A9A9,Oui,0.0021141649048625794,3095.7179487179487
80,55.0,7.0,Allemagne,#7b0323,Oui,0.010570824524312896,13940.25
81,55.0,8.0,Allemagne,#7b0323,Oui,0.004228329809725159,5576.1
86,55.0,13.0,Danemark,#A9A9A9,Oui,0.004228329809725159,6191.4358974358975
87,58.0,9.0,Norvège,#c69f59,Oui,0.006342494714587738,877.7472527472526
88,44.0,-8.0,Espagne,#cf524e,Oui,0.004228329809725159,1718.4545454545455
118,41.0,2.0,Espagne,#cf524e,Oui,0.0021141649048625794,859.2272727272727
143,37.0,-5.0,Espagne,#cf524e,Oui,0.006342494714587738,2577.681818181818
144,37.0,-4.0,Espagne,#cf524e,Oui,0.004228329809725159,1718.4545454545455
147,36.0,-6.0,Espagne,#cf524e,Oui,0.004228329809725159,1718.4545454545455
148,36.0,-5.0,Espagne,#cf524e,Oui,0.006342494714587738,2577.681818181818
149,44.0,-7.0,Espagne,#cf524e,Oui,0.006342494714587738,2577.681818181818
150,44.0,-6.0,Espagne,#cf524e,Oui,0.006342494714587738,2577.681818181818
151,44.0,-5.0,Espagne,#cf524e,Oui,0.004228329809725159,1718.4545454545455
152,40.0,1.0,Espagne,#cf524e,Oui,0.0021141649048625794,859.2272727272727
158,50.0,-2.0,France,#808080,Oui,0.006342494714587738,8439.449999999999
159,50.0,-1.0,France,#808080,Oui,0.006342494714587738,8439.449999999999
160,50.0,0.0,France,#808080,Oui,0.004228329809725159,5626.3
165,49.0,-4.0,France,#808080,Oui,0.004228329809725159,5626.3
177,48.0,-5.0,France,#808080,Oui,0.0021141649048625794,2813.15
229,47.0,-3.0,France,#808080,Oui,0.0021141649048625794,2813.15
230,46.0,-2.0,France,#808080,Oui,0.0021141649048625794,2813.15
231,43.0,4.0,France,#808080,Oui,0.004228329809725159,5626.3
232,43.0,5.0,France,#808080,Oui,0.004228329809725159,5626.3
233,43.0,9.0,Italie,#ffe5ad,Oui,0.0021141649048625794,1422.5172413793102
235,55.0,-9.0,Irlande,#8c0034,Oui,0.0021141649048625794,940.8461538461537
245,53.0,-6.0,Irlande,#8c0034,Oui,0.006342494714587738,2822.5384615384614
249,52.0,-7.0,Irlande,#8c0034,Oui,0.004228329809725159,1881.6923076923074
250,52.0,-6.0,Irlande,#8c0034,Oui,0.008456659619450317,3763.384615384615
255,46.0,13.0,Italie,#ffe5ad,Oui,0.004228329809725159,2845.0344827586205
261,45.0,12.0,Italie,#ffe5ad,Oui,0.006342494714587738,4267.551724137931
262,45.0,13.0,Italie,#ffe5ad,Oui,0.008456659619450317,5690.068965517241
266,44.0,12.0,Italie,#ffe5ad,Oui,0.006342494714587738,4267.551724137931
267,44.0,13.0,Italie,#ffe5ad,Oui,0.008456659619450317,5690.068965517241
295,37.0,13.0,Italie,#ffe5ad,Oui,0.0021141649048625794,1422.5172413793102
298,41.0,18.0,Italie,#ffe5ad,Oui,0.0021141649048625794,1422.5172413793102
299,44.0,14.0,Italie,#ffe5ad,Oui,0.004228329809725159,2845.0344827586205
304,40.0,8.0,Italie,#ffe5ad,Oui,0.004228329809725159,2845.0344827586205
305,39.0,8.0,Italie,#ffe5ad,Oui,0.004228329809725159,2845.0344827586205
306,41.0,10.0,Italie,#ffe5ad,Oui,0.004228329809725159,2845.0344827586205
307,40.0,10.0,Italie,#ffe5ad,Oui,0.004228329809725159,2845.0344827586205
309,71.0,23.0,Norvège,#c69f59,Oui,0.006342494714587738,877.7472527472526
310,71.0,24.0,Norvège,#c69f59,Oui,0.004228329809725159,585.1648351648352
316,71.0,30.0,Norvège,#c69f59,Oui,0.0021141649048625794,292.5824175824176
317,70.0,18.0,Norvège,#c69f59,Oui,0.006342494714587738,877.7472527472526
318,70.0,19.0,Norvège,#c69f59,Oui,0.004228329809725159,585.1648351648352
331,69.0,15.0,Norvège,#c69f59,Oui,0.004228329809725159,585.1648351648352
332,69.0,16.0,Norvège,#c69f59,Oui,0.004228329809725159,585.1648351648352
342,68.0,13.0,Norvège,#c69f59,Oui,0.006342494714587738,877.7472527472526
343,68.0,14.0,Norvège,#c69f59,Oui,0.004228329809725159,585.1648351648352
347,67.0,13.0,Norvège,#c69f59,Oui,0.006342494714587738,877.7472527472526
351,66.0,12.0,Norvège,#c69f59,Oui,0.004228329809725159,585.1648351648352
354,65.0,11.0,Norvège,#c69f59,Oui,0.0021141649048625794,292.5824175824176
358,64.0,9.0,Norvège,#c69f59,Oui,0.0021141649048625794,292.5824175824176
362,63.0,6.0,Norvège,#c69f59,Oui,0.004228329809725159,585.1648351648352
363,63.0,7.0,Norvège,#c69f59,Oui,0.004228329809725159,585.1648351648352
377,61.0,5.0,Norvège,#c69f59,Oui,0.004228329809725159,585.1648351648352
385,60.0,5.0,Norvège,#c69f59,Oui,0.006342494714587738,877.7472527472526
393,59.0,5.0,Norvège,#c69f59,Oui,0.006342494714587738,877.7472527472526
399,58.0,6.0,Norvège,#c69f59,Oui,0.008456659619450317,1170.3296703296703
400,58.0,7.0,Norvège,#c69f59,Oui,0.008456659619450317,1170.3296703296703
401,58.0,8.0,Norvège,#c69f59,Oui,0.006342494714587738,877.7472527472526
402,71.0,22.0,Norvège,#c69f59,Oui,0.004228329809725159,585.1648351648352
403,70.0,17.0,Norvège,#c69f59,Oui,0.004228329809725159,585.1648351648352
404,67.0,12.0,Norvège,#c69f59,Oui,0.006342494714587738,877.7472527472526
405,58.0,5.0,Norvège,#c69f59,Oui,0.010570824524312896,1462.9120879120878
406,58.0,4.0,Norvège,#c69f59,Oui,0.008456659619450317,1170.3296703296703
407,58.0,3.0,Norvège,#c69f59,Oui,0.008456659619450317,1170.3296703296703
408,57.0,5.0,Norvège,#c69f59,Oui,0.010570824524312896,1462.9120879120878
409,57.0,4.0,Norvège,#c69f59,Oui,0.010570824524312896,1462.9120879120878
410,55.0,4.0,Pays-Bas,#04d8b2,Oui,0.010570824524312896,3915.441176470588
411,55.0,5.0,Allemagne,#7b0323,Oui,0.010570824524312896,13940.25
412,54.0,4.0,Pays-Bas,#04d8b2,Oui,0.010570824524312896,3915.441176470588
413,54.0,5.0,Pays-Bas,#04d8b2,Oui,0.008456659619450317,3132.3529411764703
414,54.0,6.0,Pays-Bas,#04d8b2,Oui,0.008456659619450317,3132.3529411764703
415,53.0,3.0,Pays-Bas,#04d8b2,Oui,0.010570824524312896,3915.441176470588
416,53.0,4.0,Pays-Bas,#04d8b2,Oui,0.006342494714587738,2349.2647058823527
424,56.0,4.0,Danemark,#A9A9A9,Oui,0.010570824524312896,15478.589743589742
443,59.0,-5.0,Royaume-Uni,#419c03,Oui,0.004228329809725159,76.87218045112782
444,59.0,-4.0,Royaume-Uni,#419c03,Oui,0.004228329809725159,76.87218045112782
446,59.0,-2.0,Royaume-Uni,#419c03,Oui,0.004228329809725159,76.87218045112782
447,58.0,-8.0,Royaume-Uni,#419c03,Oui,0.004228329809725159,76.87218045112782
452,58.0,-3.0,Royaume-Uni,#419c03,Oui,0.004228329809725159,76.87218045112782
453,58.0,-2.0,Royaume-Uni,#419c03,Oui,0.006342494714587738,115.30827067669172
454,57.0,-7.0,Royaume-Uni,#419c03,Oui,0.006342494714587738,115.30827067669172
460,57.0,-1.0,Royaume-Uni,#419c03,Oui,0.006342494714587738,115.30827067669172
461,56.0,-6.0,Royaume-Uni,#419c03,Oui,0.006342494714587738,115.30827067669172
466,56.0,-1.0,Royaume-Uni,#419c03,Oui,0.008456659619450317,153.74436090225564
468,55.0,-6.0,Royaume-Uni,#419c03,Oui,0.004228329809725159,76.87218045112782
473,55.0,-1.0,Royaume-Uni,#419c03,Oui,0.006342494714587738,115.30827067669172
474,55.0,0.0,Royaume-Uni,#419c03,Oui,0.008456659619450317,153.74436090225564
475,55.0,1.0,Royaume-Uni,#419c03,Oui,0.010570824524312896,192.18045112781954
476,55.0,2.0,Royaume-Uni,#419c03,Oui,0.010570824524312896,192.18045112781954
477,55.0,3.0,Royaume-Uni,#419c03,Oui,0.010570824524312896,192.18045112781954
479,54.0,-5.0,Royaume-Uni,#419c03,Oui,0.006342494714587738,115.30827067669172
480,54.0,-4.0,Royaume-Uni,#419c03,Oui,0.004228329809725159,76.87218045112782
485,54.0,1.0,Royaume-Uni,#419c03,Oui,0.006342494714587738,115.30827067669172
486,54.0,2.0,Royaume-Uni,#419c03,Oui,0.010570824524312896,192.18045112781954
487,54.0,3.0,Pays-Bas,#04d8b2,Oui,0.010570824524312896,3915.441176470588
488,53.0,-5.0,Royaume-Uni,#419c03,Oui,0.008456659619450317,153.74436090225564
495,53.0,2.0,Royaume-Uni,#419c03,Oui,0.008456659619450317,153.74436090225564
496,52.0,-5.0,Royaume-Uni,#419c03,Oui,0.008456659619450317,153.74436090225564
503,52.0,2.0,Royaume-Uni,#419c03,Oui,0.006342494714587738,115.30827067669172
504,51.0,-5.0,Royaume-Uni,#419c03,Oui,0.006342494714587738,115.30827067669172
511,50.0,-6.0,Royaume-Uni,#419c03,Oui,0.004228329809725159,76.87218045112782
512,50.0,-5.0,Royaume-Uni,#419c03,Oui,0.008456659619450317,153.74436090225564
513,50.0,-4.0,Royaume-Uni,#419c03,Oui,0.008456659619450317,153.74436090225564
514,56.0,3.0,Royaume-Uni,#419c03,Oui,0.010570824524312896,192.18045112781954
515,57.0,3.0,Norvège,#c69f59,Oui,0.010570824524312896,1462.9120879120878
516,56.0,2.0,Royaume-Uni,#419c03,Oui,0.010570824524312896,192.18045112781954
517,57.0,2.0,Royaume-Uni,#419c03,Oui,0.010570824524312896,192.18045112781954
518,58.0,2.0,Norvège,#c69f59,Oui,0.006342494714587738,877.7472527472526
519,56.0,1.0,Royaume-Uni,#419c03,Oui,0.010570824524312896,192.18045112781954
520,57.0,1.0,Royaume-Uni,#419c03,Oui,0.008456659619450317,153.74436090225564
521,56.0,0.0,Royaume-Uni,#419c03,Oui,0.010570824524312896,192.18045112781954
522,57.0,0.0,Royaume-Uni,#419c03,Oui,0.008456659619450317,153.74436090225564
523,50.0,-3.0,France,#808080,Oui,0.006342494714587738,8439.449999999999
524,56.0,-7.0,Royaume-Uni,#419c03,Oui,0.008456659619450317,153.74436090225564
525,56.0,-8.0,Irlande,#8c0034,Oui,0.006342494714587738,2822.5384615384614
526,57.0,-8.0,Royaume-Uni,#419c03,Oui,0.008456659619450317,153.74436090225564
527,60.0,-3.0,Royaume-Uni,#419c03,Oui,0.0021141649048625794,38.43609022556391
558,65.0,22.0,Suède,#758da3,Oui,0.006342494714587738,8577.125
567,64.0,21.0,Suède,#758da3,Oui,0.004228329809725159,5718.083333333334
574,63.0,19.0,Suède,#758da3,Oui,0.006342494714587738,8577.125
580,62.0,18.0,Suède,#758da3,Oui,0.006342494714587738,8577.125
586,61.0,18.0,Suède,#758da3,Oui,0.006342494714587738,8577.125
587,61.0,19.0,Suède,#758da3,Oui,0.008456659619450317,11436.166666666668
594,60.0,19.0,Suède,#758da3,Oui,0.006342494714587738,8577.125
603,59.0,19.0,Suède,#758da3,Oui,0.008456659619450317,11436.166666666668
604,58.0,11.0,Suède,#758da3,Oui,0.004228329809725159,5718.083333333334
610,58.0,17.0,Suède,#758da3,Oui,0.006342494714587738,8577.125
611,58.0,19.0,Suède,#758da3,Oui,0.008456659619450317,11436.166666666668
617,57.0,17.0,Suède,#758da3,Oui,0.008456659619450317,11436.166666666668
618,57.0,18.0,Suède,#758da3,Oui,0.010570824524312896,14295.208333333334
619,57.0,19.0,Suède,#758da3,Oui,0.006342494714587738,8577.125
624,56.0,17.0,Suède,#758da3,Oui,0.006342494714587738,8577.125
625,55.0,14.0,Danemark,#A9A9A9,Oui,0.006342494714587738,9287.153846153846
626,55.0,15.0,Danemark,#A9A9A9,Oui,0.006342494714587738,9287.153846153846
627,65.0,23.0,Suède,#758da3,Oui,0.004228329809725159,5718.083333333334
628,64.0,22.0,Suède,#758da3,Oui,0.006342494714587738,8577.125
629,63.0,20.0,Suède,#758da3,Oui,0.004228329809725159,5718.083333333334
630,62.0,19.0,Suède,#758da3,Oui,0.008456659619450317,11436.166666666668
631,55.0,16.0,Danemark,#A9A9A9,Oui,0.004228329809725159,6191.4358974358975
632,59.0,20.0,Suède,#758da3,Oui,0.004228329809725159,5718.083333333334
633,56.0,18.0,Suède,#758da3,Oui,0.006342494714587738,8577.125
634,58.0,18.0,Suède,#758da3,Oui,0.008456659619450317,11436.166666666668
